Source,meanN,SDN,meanC,SDC
BS,13.26666667,0.057735027,-21.53333333,0.057735027
Algae,-8.166666667,0.057735027,-21.83333333,0.057735027
